120541U0,,,,,O,
120542U0,,,,,O,
120543U0,,O,,O,O,
120544U0,,O,,O,O,
120545U0,,,,,O,
120546U0,,O,,O,O,
120547U0,,O,,O,O,
120548U0,,,,,O,
120549U0,,O,,O,O,
120550U0,,O,,O,O,
120551U0,,,,,O,
120552U0,,,O,O,,
120553U0,,,O,O,,
120554U0,,,O,O,O,
120555U0,,,O,O,,
120556U0,,,O,O,,
120580U0,,O,,O,O,
120581U0,,O,,O,O,
120582U0,,,O,O,O,
120583U0,,O,,O,,
120584U0,,O,,O,,
120585U0,O,,,,O,
120586U0,O,,,,O,
120587U0,O,O,,O,O,
120588U0,O,O,,O,O,
120589U0,O,O,,O,O,
120590U0,O,,,,O,
120591U0,O,,,,O,
120592U0,O,O,,O,O,
120593U0,O,O,,O,O,
120594U0,O,,,,O,
120595U0,O,,,,O,
120596U0,O,,,,O,
120597U0,O,O,,O,O,
120598U0,O,O,,O,O,
120599U0,O,O,,O,O,
120600U0,O,O,,O,O,
120601U0,O,O,,O,O,
120602U0,O,O,,O,O,
120603U0,O,O,,O,O,
120604U0,O,O,,O,O,
120605U0,O,O,,O,O,
120606U0,O,O,,O,O,
120607U0,O,O,,O,O,
120608U0,O,O,,O,,
120609U0,O,O,,O,,
120610U0,O,O,,O,,
120611U0,O,O,,O,,
120612U0,O,O,,O,,
120613U0,O,O,,O,,
120614U0,O,O,,O,,
120615U0,O,O,,O,,
120616U0,O,O,,O,,
120617U0,O,O,,O,,
120618U0,O,,O,O,O,
120619U0,O,,O,O,O,
120620U0,O,,O,O,,
120621U0,O,,O,O,,
120622U0,O,O,,O,,
120623U0,O,O,,O,,
120624U0,O,,O,O,O,
120625U0,O,,O,O,O,
120626U0,O,,O,O,O,
120627U0,O,,,,,
120628U0,O,,O,O,,
120629U0,O,O,,O,,
120630U0,O,,O,O,,
120631U0,O,,O,O,,
120632U0,O,O,,O,,
120633U0,O,O,,O,,
120636U0,O,O,,O,,
120637U0,O,O,,O,,
120639U0,O,O,,O,,
120640U0,O,O,,O,,
120643U0,O,O,,O,,
120644U0,O,O,,O,,
120646U0,,,,,O,
120647U0,,,,,O,
120648U0,,O,,O,O,
120649U0,,O,,O,O,
120650U0,,O,,O,O,
120651U0,,,,,O,
120652U0,,,,,O,
120653U0,,O,,O,O,
120654U0,,O,,O,O,
120655U0,,,,,O,
120656U0,,,,,O,
120657U0,,O,,O,O,
120658U0,,O,,O,O,
120659U0,,O,,O,O,
120660U0,,O,,O,O,
120661U0,,O,,O,O,
120662U0,,O,,O,O,
120663U0,,O,,O,O,
120664U0,,O,,O,O,
120665U0,,O,,O,O,
120666U0,,O,,O,O,
120667U0,,O,,O,,
120668U0,,O,,O,,
120669U0,,O,,O,,
120670U0,,O,,O,,
120671U0,,O,,O,,
120672U0,,O,,O,,
120673U0,,O,,O,,
120674U0,,O,,O,,
120675U0,,O,,O,,
120676U0,,,O,O,O,
120677U0,,,O,O,O,
120678U0,,,O,O,,
120679U0,,,O,O,,
120557U0,,O,,O,,
120558U0,,O,,O,,
120559U0,,,O,O,O,
120560U0,,,O,O,O,
120561U0,,,,,,
120562U0,,,O,O,,
120563U0,,O,,O,,
120564U0,,,O,O,,
120565U0,,,O,O,,
120566U0,,O,,O,,
120567U0,,O,,O,,
120570U0,,O,,O,,
120571U0,,O,,O,,
120573U0,,O,,O,,
120574U0,,O,,O,,
120577U0,,O,,O,,
120578U0,,O,,O,,
120442U0,,O,,O,,
120443U0,,O,,O,,
120444U0,,,O,O,O,
120445U0,,O,,O,,
120446U0,,O,,O,,
120431U0,,O,,O,O,O
120432U0,,,O,O,O,O
120439U0,,,O,O,,O
120440U0,,,O,O,,O
120441U0,,,O,O,,O
120686U0,,O,,O,,
120685U0,,O,,O,O,
120684U0,,,,,O,
120687U0,,,O,O,O,
120401U0,,O,,O,O,O
120261U0,,O,,O,O,O
120262U0,,,O,O,,O
120263U0,,,O,O,O,O
120264U0,,,O,O,O,O
120265U0,,,O,O,O,O
120266U0,,,O,O,,O
120267U0,,,O,O,,O
120434U0,O,O,,O,O,O
120435U0,O,,,,O,O
120436U0,O,O,,O,O,O
120437U0,O,,O,O,O,O
120438U0,O,O,,O,,O
120468U0,,O,,O,O,
120469U0,,O,,O,O,
120470U0,,O,,O,O,
120471U0,,O,,O,O,
120472U0,,O,,O,,
120473U0,O,,O,O,O,
120474U0,O,,O,O,O,
120475U0,O,,O,O,O,
120476U0,O,,O,O,,
120477U0,O,O,,O,,
120478U0,O,O,,O,,
120479U0,O,,,,O,
120480U0,O,O,,O,O,
120481U0,O,,O,O,,
120482U0,O,,O,O,O,
120483U0,O,,O,O,,
120484U0,O,,O,O,,
120485U0,O,,O,O,,
120486U0,,O,,O,,
120487U0,,O,,O,,
120488U0,,,O,O,O,
120489U0,,,O,O,,
120490U0,,,O,O,O,
120491U0,,O,,O,,
120492U0,,,O,O,,
120493U0,,,O,O,,
120494U0,,O,,O,,
120495U0,,O,,O,,
120496U0,,O,,O,,
120497U0,,O,,O,,
,,,,,,
120319U0,,O,,O,O,
120407U0,,O,,O,O,
120321U0,,O,,O,O,
120322U0,,,,,O,
120323U0,,,,,O,
120324U0,,O,,O,O,
120325U0,,,,,O,
120326U0,,,,,O,
120327U0,,,,,O,
120328U0,,O,,O,O,
120329U0,,O,,O,O,
120408U0,,O,,O,O,
120331U0,,,,,O,
120332U0,,,,,O,
120333U0,,O,,O,O,
120334U0,,O,,O,O,
120335U0,,,,,O,
120336U0,,,,,O,
120337U0,,,,,O,
120338U0,,O,,O,,
120339U0,,O,,O,,
120409U0,,O,,O,O,
120341U0,,O,,O,O,
120342U0,,O,,O,O,
120343U0,,O,,O,O,
120344U0,,O,,O,O,
120345U0,,O,,O,O,
120346U0,,O,,O,O,
120347U0,,O,,O,O,
120348U0,,O,,O,O,
120349U0,,O,,O,O,
120416U0,,O,,O,O,
120351U0,,O,,O,O,
120352U0,,O,,O,O,
120353U0,,O,,O,,
120354U0,,O,,O,,
120355U0,,O,,O,,
120356U0,,,O,O,O,
120357U0,,,O,O,O,
120358U0,,,O,O,O,
120359U0,,,O,O,O,
120411U0,,,O,O,O,
120361U0,,,O,O,O,
120362U0,,,O,O,O,
120363U0,,,O,O,O,
120364U0,,O,,O,,
120365U0,,O,,O,,
120366U0,,O,,O,,
120367U0,,O,,O,,
120368U0,,O,,O,,
120369U0,,O,,O,,
120412U0,,O,,O,,
120371U0,,O,,O,,
120372U0,,,O,O,O,
120373U0,,,O,O,O,
120374U0,,,O,O,O,
120375U0,,,O,O,,
120376U0,,,O,O,,
120377U0,,,O,O,O,
120378U0,,,O,O,O,
120379U0,,,O,O,O,
120413U0,,,O,O,O,
120381U0,,,O,O,O,
120382U0,,,O,O,O,
120383U0,,,O,O,O,
120384U0,,,O,O,O,
120385U0,,,O,O,,
120386U0,,,O,O,,
120387U0,,,O,O,,
120388U0,,O,,O,,
120389U0,,O,,O,,
120414U0,,O,,O,,
120391U0,,O,,O,,
120392U0,,O,,O,,
120393U0,,O,,O,,
120394U0,,O,,O,,
120395U0,,O,,O,,
120421U0,,O,,O,O,
120422U0,,,,,O,
120423U0,,O,,O,O,
120424U0,,O,,O,O,
120425U0,,O,,O,O,
120233U0,O,,,,O,
120234U0,O,,,,O,
120235U0,O,,,,,
120236U0,O,O,,O,O,
120237U0,O,,O,O,O,
120238U0,O,,O,O,O,
120239U0,O,O,,O,,
120399U0,O,O,,O,,
120241U0,O,O,,O,,
120242U0,O,O,,O,,
120243U0,O,,,,O,
120244U0,O,,,,O,
120245U0,O,,,,O,
120246U0,O,,,,,
120247U0,O,,,,,
120248U0,O,O,,O,,
120249U0,O,O,,O,,
120415U0,O,,O,O,O,
120251U0,O,,,,O,
120252U0,O,,O,O,O,
120253U0,O,,,,O,
120254U0,O,,O,O,,
120255U0,O,O,,O,,
120256U0,O,O,,O,,
120257U0,O,,O,O,,
120258U0,O,O,,O,,
120259U0,O,O,,O,,
120447U0,O,,,,O,
120448U0,O,O,,O,O,
120449U0,O,O,,O,O,
120467U0,O,,O,O,O,
120451U0,O,,,,O,
120452U0,O,,O,O,O,
120453U0,O,,,,O,
120454U0,O,,O,O,O,
120455U0,O,,O,O,O,
120456U0,O,,O,O,O,
120428U0,O,O,,O,,
120429U0,O,O,,O,,
