120EPAL0,O,,,,
120EPBL0,O,,,,
120EPCL0,O,,,,
120EPDL0,O,,,,
120EPEL0,O,,,,
120EPFL0,O,,,,
120EPGL0,O,,,,
120EPHL0,O,,,,
120EPJL0,O,,,,
120EPKL0,O,,,,
120EPLL0,O,,,,
120EPML0,O,,,,
120EPNL0,O,,,,
120EPPL0,O,,O,,
120EPQL0,O,,,,
120EPRL0,O,,,,
120EPSL0,O,,,,
120ERAL0,O,,,,
120ERBL0,O,,,,
120ERCL0,O,,,,
120ERDL0,O,,,,
120EREL0,O,,,,
120ERFL0,O,,,,
120ERGL0,O,,,,
120ERHL0,O,,,,
120ERJL0,O,,,,
120ERKL0,O,,,,
120ERLL0,O,,,,
120ERML0,O,,,,
120ERNL0,O,,,,
120ERPL0,O,,,,
120ERQL0,O,,,,
120ERRL0,O,,,,
120ENAL0,,,,,O
120ENBL0,,,,,O
120ENCL0,O,,,,
120ENDL0,O,,,,
120ENEL0,,,,,O
